code,category,status
867695941207,Standard,Expired
453618866942,Standard,Valid
616400332958,VIP,Used
973910680258,Standard,Valid
188559569253,Standard,Valid
142718868029,VIP,Valid
776411594991,Standard,Used
319998677633,Standard,Used
334774804042,VIP,Valid
292226710924,Backstage,Valid
479823559180,Standard,Valid
369259175565,VIP,Valid
717810237117,Standard,Valid
407473554860,Standard,Valid
643354278056,Standard,Valid
806341914182,Standard,Valid
105240793782,Standard,Valid
251282538206,VIP,Valid
763595448017,VIP,Used
295143931370,Standard,Valid
662472262434,Standard,Valid
428318986734,VIP,Used
909941412032,Standard,Used
270484216305,Standard,Valid
377150435753,Standard,Valid
124462084974,Standard,Valid
476415064723,VIP,Valid
811554491388,VIP,Valid
174606033855,Standard,Valid
611595758355,Standard,Valid
608002483225,Standard,Valid
466554516218,Standard,Valid
831950243582,Standard,Valid
537187650084,Standard,Used
890792195524,Standard,Valid
507311484139,Standard,Valid
376976135264,Standard,Valid
382177053424,Standard,Expired
458236319765,VIP,Valid
710394101616,Standard,Valid
419621561799,Standard,Expired
661100891573,Standard,Valid
518856259659,Standard,Expired
488398407379,Standard,Valid
252250635901,VIP,Used
157609459666,Standard,Used
635574905748,VIP,Valid
809174117091,Standard,Valid
147844977968,Standard,Valid
241844645681,Standard,Valid
342682139286,Standard,Expired
103524233168,Standard,Valid
397295152191,Standard,Valid
151785130539,VIP,Valid
812869405517,VIP,Used
468451477211,VIP,Valid
173812556182,Standard,Used
980366101353,Standard,Valid
831472807830,Standard,Used
989699029003,VIP,Used
910640502954,Standard,Valid
403386445743,Standard,Valid
145503113302,Standard,Valid
743806247029,Standard,Valid
487458104455,Standard,Valid
249805565581,Standard,Used
408218044268,Standard,Used
176726811657,Standard,Expired
826046287257,Backstage,Valid
853931910508,Standard,Valid
480237414389,Standard,Expired
457749775324,VIP,Used
645494046286,Standard,Valid
745233429651,Standard,Used
716017224649,Standard,Valid
916458527301,VIP,Used
638263151675,Standard,Used
899050168462,Standard,Expired
176797726849,Standard,Valid
968296026728,Backstage,Valid
349500349165,Standard,Valid
809620368716,Standard,Valid
786414916665,Standard,Valid
558476939238,Backstage,Valid
505675310918,Standard,Expired
963856048497,VIP,Valid
902051938183,VIP,Valid
534101258787,Standard,Used
855271258456,Standard,Valid
883789736548,VIP,Valid
700832336208,Standard,Valid
261281455424,Standard,Used
825844758573,Standard,Valid
950261314384,Standard,Valid
795669368396,Standard,Valid
607507949295,Standard,Valid
464469358785,VIP,Valid
782987331574,Standard,Expired
214547351220,Standard,Valid
882016836343,Standard,Valid
498478548963,Standard,Valid
757106922666,Standard,Valid
245220443325,Standard,Valid
588129516415,Standard,Expired
222105549288,Standard,Valid
598529001200,Standard,Expired
750744401927,Standard,Valid
937418150636,Standard,Valid
875463562649,Backstage,Valid
726541280440,Standard,Used
747357163267,Standard,Valid
784353909489,Standard,Used
917376405323,VIP,Valid
963829265445,Standard,Valid
392932052116,VIP,Valid
823355063011,VIP,Valid
237664005555,Standard,Valid
185739973851,VIP,Valid
466239227673,VIP,Valid
747939482105,Standard,Valid
683482989002,Standard,Valid
746715555757,Backstage,Valid
159098709360,Backstage,Valid
868618611504,Standard,Used
889191331391,Standard,Valid
374065081450,VIP,Used
770354064649,Standard,Valid
558549792976,Standard,Used
410824752082,VIP,Used
417691853029,Standard,Expired
751454137968,Standard,Valid
268417430757,Backstage,Valid
145748937891,VIP,Valid
422522208302,Standard,Valid
745267002855,VIP,Valid
646495202679,Standard,Valid
503604474507,Standard,Valid
963268767101,Standard,Valid
543674201370,Standard,Valid
364988738014,Standard,Used
819041453913,Standard,Expired
692221269274,Standard,Expired
362667560128,Backstage,Valid
345790651066,Standard,Valid
977249879964,VIP,Valid
518008488562,Backstage,Valid
716328933739,Standard,Used
493298413208,Standard,Valid
654818085172,VIP,Valid
220300615334,Standard,Valid
995984519250,Standard,Valid
528437913341,Backstage,Valid
686788125561,VIP,Valid
709099824282,Standard,Valid
808302588517,Standard,Valid
282750014896,Standard,Valid
219664972382,Standard,Valid
696997372373,Standard,Valid
148422798459,Standard,Valid
711983781912,Backstage,Valid
648275934229,Backstage,Valid
175570100353,Standard,Used
699910770735,Standard,Used
778712312814,Standard,Valid
925746940063,Standard,Used
433734162755,Standard,Valid
916503502249,Standard,Valid
704499189734,VIP,Used
606070444418,VIP,Expired
397982492151,Standard,Used
116475613040,Standard,Valid
226605882836,Standard,Valid
542146239550,VIP,Valid
125558432468,Standard,Valid
915450068702,VIP,Valid
158151362046,Standard,Valid
506224688058,Standard,Expired
680310325648,VIP,Valid
141017352624,VIP,Used
929533234908,Standard,Expired
835316694200,Standard,Valid
949994808961,Standard,Valid
781323293047,VIP,Used
736119440405,Standard,Valid
803611924651,Backstage,Valid
180092702123,Backstage,Valid
508678332797,Standard,Valid
360924151492,Standard,Valid
364684869097,VIP,Valid
837884981282,Backstage,Used
635661484746,VIP,Valid
923004474410,Standard,Valid
487967794459,Standard,Valid
600019373152,Standard,Valid
631101638339,Standard,Expired
896305476639,Standard,Valid
549048500534,VIP,Valid
925681106315,VIP,Valid
163462436409,VIP,Valid
545386964769,Standard,Valid
866320981994,Standard,Valid
448079814698,VIP,Valid
226380009561,Standard,Valid
200737244056,Standard,Valid
987342011216,Backstage,Valid
395959373593,VIP,Valid
889742985454,Standard,Valid
909309400638,Standard,Valid
709761138617,Standard,Valid
550144771997,Standard,Valid
187525138707,VIP,Valid
275652171321,VIP,Expired
696452343376,Standard,Valid
753300614396,Standard,Valid
985728087295,Standard,Valid
244879382019,Standard,Valid
831216162375,Standard,Valid
878416855356,Standard,Valid
317819329568,VIP,Valid
788087209613,Standard,Valid
267729677728,Standard,Used
108901504899,Standard,Valid
369946052512,Standard,Valid
841369652067,Standard,Expired
796056217061,Standard,Expired
425586388909,Standard,Valid
708876714629,Standard,Valid
619083705463,VIP,Valid
279368618081,Standard,Valid
214518382535,VIP,Valid
951372843466,VIP,Valid
605645347792,VIP,Valid
492102028955,Standard,Valid
160019139722,Standard,Valid
277660601409,Standard,Valid
641289144833,VIP,Valid
213114812281,Backstage,Valid
918648282301,Standard,Expired
154193202348,Standard,Used
854330092722,Standard,Expired
917103043320,VIP,Valid
972304329325,Standard,Valid
547390899554,Standard,Valid
213777457648,Standard,Valid
174735799705,Standard,Valid
583157171469,Standard,Valid
633356940935,Standard,Valid
374851785492,Backstage,Valid
572846822785,Standard,Valid
823986836311,VIP,Valid
122926902939,VIP,Valid
420905367754,VIP,Valid
273665994394,Standard,Expired
796181120841,Standard,Used
923247811948,VIP,Valid
362360709927,Standard,Valid
762809324231,Backstage,Used
463080281895,VIP,Valid
609030752531,VIP,Valid
164731212366,Standard,Valid
687806398846,Standard,Used
394238492851,Standard,Valid
406352552364,Standard,Expired
377544614206,Standard,Valid
358115474225,Standard,Valid
743870697885,Standard,Valid
175806791671,VIP,Expired
263439006465,VIP,Valid
972398288617,Standard,Valid
900593162298,Standard,Valid
511194997777,Standard,Valid
707623027059,Standard,Valid
706336912249,Backstage,Valid
788554816658,Standard,Used
656795048359,VIP,Valid
726594012825,Standard,Valid
566699473017,Standard,Valid
623060957599,Standard,Valid
720982144012,Backstage,Valid
886814108140,Standard,Valid
358925230833,VIP,Valid
825278160363,Standard,Expired
970967089400,VIP,Valid
840633436777,Standard,Valid
625619734196,Standard,Expired
386894505438,VIP,Expired
886833016361,VIP,Valid
684850587137,Standard,Valid
827689342568,Standard,Valid
150711229823,Standard,Valid
114350478636,Standard,Valid
417516936790,Backstage,Valid
842865751617,Standard,Valid
536618772435,Standard,Valid
198912225902,Standard,Valid
382029490777,Standard,Valid
979090220563,Standard,Valid
572899688547,Standard,Used
798400899699,Standard,Valid
482716883762,Backstage,Valid
977630621959,Backstage,Used
143497047298,Standard,Valid
552388062042,Backstage,Valid
961009905968,Standard,Expired
221008543719,Standard,Valid
306823277527,Standard,Valid
682629391846,Backstage,Expired
822105942877,Standard,Used
869945806981,Standard,Expired
510813098126,Backstage,Valid
751679795363,Standard,Expired
654966271979,Backstage,Expired
857849142762,VIP,Valid
708893058523,Standard,Valid
822283324709,Backstage,Valid
631866089440,Backstage,Valid
662945045779,Standard,Expired
307805919610,VIP,Valid
966417503705,Standard,Valid
767805832031,Standard,Valid
424401271462,Standard,Valid
418925027836,VIP,Used
450449799205,Standard,Used
431483177363,Standard,Used
778759018230,VIP,Used
797977210972,Standard,Valid
848226581356,Standard,Valid
219591149697,Standard,Valid
458893511908,Standard,Valid
444424526913,Standard,Used
929604758482,Backstage,Valid
599290370034,VIP,Valid
589238439747,Standard,Valid
683025110578,Standard,Valid
754156211651,Standard,Valid
140997998139,Standard,Used
165965001880,VIP,Valid
365249297449,Standard,Expired
951814677126,Standard,Valid
126845125742,Standard,Valid
225942501921,Standard,Valid
717530897084,Standard,Valid
357138383897,Standard,Valid
615787958669,Standard,Valid
499263542423,Standard,Valid
852493720587,VIP,Used
859707157168,Standard,Valid
490905848547,VIP,Valid
655999474067,Standard,Valid
173997741524,Standard,Valid
820922255341,Standard,Valid
640402796396,Standard,Valid
577119884818,Standard,Valid
610344572728,Standard,Valid
219883823727,Standard,Used
361343158181,Standard,Valid
330230991019,Standard,Valid
272944613643,Standard,Used
579785579472,VIP,Valid
710101042340,VIP,Valid
169869415070,Standard,Valid
912678183898,Standard,Valid
666979281770,Backstage,Expired
402727327810,Standard,Expired
177987911475,Standard,Valid
506671900140,VIP,Used
803126944073,Backstage,Valid
300972340838,Standard,Expired
188735863186,Standard,Used
838018636669,Backstage,Valid
895783733945,Standard,Valid
748913461122,Standard,Valid
361691846325,Standard,Valid
205777520189,Standard,Valid
199072583186,VIP,Valid
135610687504,Standard,Valid
342910249529,Standard,Valid
317363871943,Standard,Valid
894370590668,VIP,Valid
353392014891,Standard,Valid
200355239707,Backstage,Valid
778370394729,Standard,Used
590573056992,Standard,Used
615379416985,VIP,Valid
706860218144,Standard,Valid
856054759475,Standard,Valid
687382313669,VIP,Valid
828063322537,VIP,Valid
816489655032,Standard,Valid
551496545441,VIP,Valid
311521368324,Standard,Valid
158931506885,VIP,Valid
903526763113,Standard,Valid
263803069319,Standard,Valid
750232365798,Standard,Valid
523897613735,Standard,Valid
460137100173,Standard,Valid
388339584783,Backstage,Used
145725684753,Backstage,Valid
209737811619,Standard,Valid
213179458577,Backstage,Expired
884039220820,Standard,Used
459422681391,Standard,Valid
114847393047,Standard,Valid
188794019516,VIP,Valid
465087448782,VIP,Valid
562747155483,VIP,Used
950275468961,Backstage,Valid
981223723215,Backstage,Valid
226132714276,Standard,Valid
400401507048,Standard,Valid
362241791770,Backstage,Used
800622035522,Standard,Valid
475444318886,Standard,Valid
478445964518,Standard,Valid
486260407870,VIP,Valid
387635680418,VIP,Valid
937691416447,Standard,Valid
226669858209,VIP,Valid
546688090938,Backstage,Valid
539441524732,Backstage,Expired
724081856069,Standard,Expired
236787563047,Standard,Valid
101948728483,Standard,Valid
201991584928,Backstage,Valid
875816039471,VIP,Valid
354342113419,Standard,Valid
151631337129,Standard,Valid
408877180672,Standard,Valid
447300118003,Backstage,Valid
561902006518,VIP,Expired
831241060170,Standard,Valid
926939990836,Standard,Valid
613431605339,Standard,Valid
970433915604,Backstage,Valid
491257417623,Standard,Valid
158965931802,Standard,Valid
634814910355,VIP,Valid
259769046504,Standard,Valid
261526407509,Standard,Used
610248199023,Backstage,Valid
716592318610,Standard,Valid
436171026274,VIP,Valid
417487972975,VIP,Valid
434030261940,Backstage,Valid
773945892375,Standard,Valid
133304178029,Standard,Used
572403587152,Backstage,Valid
602591667934,VIP,Valid
694854998490,VIP,Valid
242488524208,VIP,Valid
118570457049,Standard,Valid
317628692291,Standard,Valid
391925506721,Standard,Valid
227429355441,Standard,Valid
188690373106,Standard,Valid
923228529421,Standard,Valid
517045625552,Backstage,Valid
872704936140,VIP,Valid
802835768946,VIP,Expired
772055593219,Standard,Valid
828273518134,Standard,Valid
218039479813,Standard,Used
336890980656,Standard,Valid
685748530791,Standard,Valid
877693993558,Standard,Expired
299380463457,Standard,Valid
101627677155,VIP,Valid
166210246191,VIP,Used
567078914303,Standard,Valid
817111249233,Standard,Valid
756615974502,Standard,Valid
689227460591,Standard,Valid
863771718361,VIP,Valid
605166001421,VIP,Valid
334962281102,Standard,Valid
552790822417,Standard,Used
555542394193,VIP,Valid
193766746282,Standard,Valid
138248487718,Backstage,Used
942959595464,Standard,Valid
146311066182,Backstage,Valid
858731991785,Backstage,Valid
462527878842,VIP,Valid
685606781064,Standard,Valid
674382277186,Standard,Valid
682687809473,VIP,Valid
680958994499,VIP,Valid
630366790167,VIP,Valid
352539181274,Backstage,Valid
611635203107,Standard,Expired
622889527089,Standard,Valid
347278876628,VIP,Valid
712645727915,VIP,Expired
668956468715,Standard,Used
445842718357,Standard,Valid
520096802415,Backstage,Valid
690821577339,Standard,Expired
185569774204,Standard,Valid
554302504239,Standard,Valid
352130348254,Standard,Used
578088603679,VIP,Valid
514650874781,Standard,Valid
308634857005,Standard,Valid
617946475170,Standard,Valid
410407371993,Standard,Valid
400276140106,Standard,Valid
445430321140,Standard,Valid
527006264991,Standard,Valid
340713234664,Standard,Valid
513240849105,Standard,Valid
858663022120,Standard,Valid
622657187359,Standard,Valid
172250436572,Standard,Valid
446673404045,Backstage,Expired
325763143343,Backstage,Valid
494702875840,Standard,Valid
754648192232,Standard,Valid
599410093881,Standard,Valid
328865551724,Standard,Valid
115250737438,Standard,Valid
109768818868,Standard,Valid
211652384077,Standard,Valid
849985945258,Standard,Valid
417403277612,Standard,Expired
603601998005,Standard,Valid
273262828950,VIP,Valid
271077752281,Standard,Used
577786406153,VIP,Expired
626002054624,Standard,Valid
202946055043,Backstage,Valid
724766165589,Standard,Expired
775469860518,Backstage,Valid
963922166853,Standard,Valid
966681384799,Standard,Valid
310230327999,Standard,Used
454999257514,Standard,Valid
871590378377,Standard,Valid
540615847120,Standard,Valid
402357707469,Standard,Expired
551952938516,Standard,Valid
835339233454,Standard,Valid
846723617943,Standard,Used
179259461026,VIP,Valid
475553953855,Standard,Valid
931244947195,Standard,Valid
245045852621,VIP,Used
176725411465,Standard,Expired
941811753545,Standard,Valid
957643978300,Standard,Expired
623655233365,Standard,Valid
875279701940,VIP,Valid
569876368241,VIP,Valid
383683812395,Standard,Valid
582215724207,VIP,Valid
342344157587,Standard,Valid
517630618448,Standard,Expired
463312058510,Standard,Valid
387822589021,VIP,Expired
312933106111,Standard,Valid
198915919054,Standard,Valid
790933616150,Standard,Valid
575654803776,Standard,Valid
757132452561,Standard,Used
563210400205,Standard,Valid
589159949649,Standard,Valid
983308055200,Standard,Valid
945433611429,Backstage,Valid
554757219856,Backstage,Valid
784868121383,Standard,Valid
746929698088,Standard,Valid
591979363867,Standard,Valid
734065014236,Standard,Valid
539425475482,Standard,Used
766440579767,Standard,Used
945463185629,Standard,Valid
131213450306,Standard,Expired
337396443949,Standard,Valid
821656143707,Standard,Valid
736422102747,Backstage,Valid
820151617123,Standard,Valid
765832690225,Standard,Valid
827087359039,Standard,Valid
516432181410,Standard,Valid
361780641120,Standard,Valid
947295030873,Standard,Used
827164617915,VIP,Valid
571618424652,Standard,Used
356355366221,Standard,Valid
220342736258,Standard,Valid
828236479796,VIP,Valid
405964900141,Standard,Valid
907270532291,Standard,Valid
755439143467,Standard,Used
945999235805,Standard,Used
251461507038,VIP,Valid
570912023998,Standard,Valid
319797700469,Standard,Valid
554969389865,Standard,Valid
601234945339,Standard,Valid
630594163379,Standard,Valid
163548952306,Standard,Valid
543333380796,Standard,Valid
688725171936,Standard,Expired
406404422214,Standard,Valid
242872947887,Standard,Valid
768210946534,Standard,Valid
443445860556,Standard,Valid
496114023998,Standard,Used
422601660137,Backstage,Valid
283955479193,Standard,Valid
415486858682,Standard,Used
575046690837,Standard,Valid
810842688886,Standard,Used
873062725840,Standard,Valid
757475491416,Standard,Valid
341976367027,Standard,Valid
520352055311,VIP,Valid
367469214295,Standard,Valid
279612530880,VIP,Used
406404042870,Standard,Used
209265283176,Standard,Valid
851347210313,Standard,Expired
269879802007,Standard,Used
596144210356,VIP,Valid
835883073006,Backstage,Valid
573082460535,Standard,Used
644145185035,Standard,Expired
176040557040,VIP,Valid
523362647197,VIP,Valid
297594719776,Standard,Valid
844745947806,Standard,Valid
587328413513,Standard,Valid
390650490584,Standard,Valid
529433631560,Standard,Valid
542876297368,Standard,Valid
782001038753,VIP,Valid
453340068343,Standard,Used
595959950216,Backstage,Valid
258354854541,Standard,Expired
240728187316,VIP,Expired
476744275623,Backstage,Used
981923066620,Standard,Used
920422004102,Standard,Valid
146646362417,VIP,Used
597707816158,Standard,Valid
160805710565,Standard,Valid
634447845982,Standard,Valid
955156280853,Standard,Used
500755918055,Standard,Valid
582275910205,Standard,Expired
357991902637,Standard,Expired
540034427145,Standard,Valid
130586292150,VIP,Valid
406571012708,VIP,Valid
591671732584,Standard,Valid
203897019487,Standard,Valid
603799651266,Standard,Valid
134098763897,Standard,Valid
368981957930,VIP,Valid
400659889315,Standard,Valid
211109516823,Standard,Valid
185560741164,Standard,Valid
256589576361,Standard,Used
116633204627,Standard,Valid
538000516771,VIP,Valid
286078462460,Standard,Expired
576923056688,Standard,Valid
456679815270,Standard,Valid
277218748445,Standard,Expired
956129010748,Standard,Valid
342031375564,Standard,Valid
944909953816,Backstage,Valid
430714225291,Standard,Valid
732517733550,Standard,Valid
483450922072,Standard,Valid
536766840508,Standard,Valid
258169176459,Standard,Valid
148338665100,Standard,Valid
337497551698,Standard,Used
424591345661,Backstage,Valid
638591937347,Standard,Valid
354482841033,Standard,Valid
635837550654,Standard,Valid
614556980960,VIP,Valid
574056332778,VIP,Used
933251567391,Standard,Expired
988738578038,Standard,Valid
265990327202,Standard,Valid
635449182375,Standard,Valid
391730976567,Standard,Valid
412273997497,Standard,Valid
512060416063,VIP,Valid
390355792387,Standard,Used
424493543665,Standard,Valid
839199717879,Backstage,Valid
230258293666,Standard,Valid
665883171878,Standard,Valid
432952097715,Standard,Valid
427928307068,VIP,Valid
308892683171,VIP,Valid
995440510689,Standard,Valid
827197730438,Standard,Valid
525326422970,Standard,Valid
279777594736,VIP,Expired
188149747921,Standard,Valid
911856239313,Standard,Valid
978788412279,Standard,Expired
188219282055,Backstage,Expired
505680216951,Standard,Used
852274855980,Standard,Valid
570319440963,Standard,Used
452534310748,Backstage,Used
690210202253,Standard,Valid
742669170937,Standard,Valid
371102648727,Standard,Used
940536690954,Standard,Valid
483711625145,Standard,Valid
440891782309,VIP,Valid
830178040304,Standard,Valid
841844861994,Standard,Valid
882547985119,Standard,Valid
226750596909,VIP,Valid
708092248272,Standard,Valid
620233157780,VIP,Valid
488136971784,Standard,Valid
517076094887,VIP,Used
254608246768,Standard,Valid
784317998415,Standard,Valid
933009077155,Standard,Valid
169684544463,VIP,Valid
164290117190,Standard,Valid
226307668955,VIP,Valid
470770979513,Backstage,Valid
859049274154,VIP,Valid
333279765207,Standard,Valid
368318078969,VIP,Valid
736712646676,VIP,Used
218910883301,Standard,Used
857736637113,Standard,Valid
369419548116,VIP,Valid
960420184902,Standard,Valid
422956275865,Standard,Valid
791074856708,Standard,Valid
731678373015,Standard,Valid
214832269481,Standard,Valid
563134588274,Standard,Valid
722763619778,Standard,Used
211121881692,Standard,Valid
164847210990,Standard,Valid
708117155426,Backstage,Used
790757033266,Standard,Expired
866232475190,VIP,Valid
821970820395,Standard,Valid
722700869939,VIP,Valid
133944947897,Standard,Valid
633523151180,Standard,Expired
189966462838,Standard,Used
667741343954,Backstage,Expired
244092801172,Standard,Valid
388511190574,Standard,Used
835855226311,Standard,Valid
439982645429,Standard,Valid
825544892360,Standard,Valid
967300992787,Standard,Valid
280640463568,Standard,Valid
525784434958,VIP,Valid
769467002266,Backstage,Used
437872761622,Standard,Valid
549769295925,Standard,Valid
894035742189,Standard,Used
587235620303,VIP,Expired
253924485873,Standard,Valid
397127624567,VIP,Valid
544844364378,Standard,Valid
738176038125,Standard,Valid
838713541566,Standard,Expired
345213466367,VIP,Valid
574010721878,Backstage,Used
910872751961,Standard,Valid
348964222686,Standard,Expired
409029431863,Standard,Valid
590264484194,Standard,Used
311000094454,Standard,Valid
756702780329,Standard,Expired
444005774255,Standard,Valid
850726264460,Standard,Used
895137224815,VIP,Valid
986666495028,Standard,Valid
566854953850,Standard,Valid
311248610042,VIP,Valid
609136562669,Standard,Valid
446809914267,Standard,Valid
655184583398,Standard,Expired
872180893759,Standard,Valid
411703232379,Standard,Valid
434343034522,Standard,Valid
498837994177,VIP,Valid
274493552068,Standard,Used
540209997973,Standard,Valid
557165098695,Standard,Valid
243433808038,Standard,Valid
210552841781,Standard,Expired
363313768191,Standard,Valid
700581361458,Standard,Valid
761089389845,Standard,Valid
850155472645,VIP,Valid
900650578998,Standard,Used
655340655504,Backstage,Valid
490009660086,VIP,Valid
292856081318,Standard,Valid
965134782024,Standard,Valid
916557269948,VIP,Valid
167135076022,Standard,Expired
182326503133,Standard,Valid
147349546511,Backstage,Used
318758440317,Standard,Valid
755272824750,Standard,Valid
626495033786,Standard,Used
122742842928,Standard,Valid
259961695156,Standard,Valid
289708635239,Standard,Valid
983075619976,Standard,Used
677615689420,Standard,Valid
884458179683,Standard,Valid
859187823548,Standard,Valid
612037258811,Standard,Valid
989003396697,Standard,Valid
239733046225,VIP,Valid
814262468039,Standard,Used
854322725516,VIP,Expired
619606194160,VIP,Valid
755088327187,Standard,Valid
711071920529,Backstage,Valid
282294211298,Standard,Valid
200223870427,Standard,Valid
941629821539,VIP,Used
994280701567,Standard,Expired
938108041697,Standard,Used
236786184083,Backstage,Expired
988335239225,Standard,Valid
813181846360,Standard,Used
159468562624,Backstage,Valid
733812803930,Backstage,Valid
414526795461,VIP,Used
429398226794,Standard,Used
939668623711,VIP,Valid
270541592056,Standard,Used
162703623248,Standard,Expired
929319141080,Standard,Valid
746045230097,Backstage,Valid
538916150327,Standard,Valid
591734333317,Backstage,Used
594389622444,Standard,Valid
713516207200,Standard,Valid
354017756402,Standard,Valid
409601839368,Standard,Valid
428941115748,Backstage,Valid
732700038683,Standard,Valid
656532922316,Backstage,Used
648709745211,Standard,Valid
521900055512,Standard,Expired
166814103555,VIP,Used
939889089976,VIP,Expired
237597951504,Standard,Expired
877449847333,Standard,Valid
581713854648,Standard,Valid
696768414616,Standard,Expired
388669155156,VIP,Expired
459581516648,Standard,Valid
912358165924,Backstage,Valid
139794875013,Backstage,Used
433670331254,Standard,Valid
498811121833,Standard,Valid
931839664317,Standard,Valid
376228747842,VIP,Expired
142400633488,Backstage,Valid
517010168081,Backstage,Expired
570624302032,Standard,Valid
227568171232,Backstage,Expired
613177714207,Standard,Valid
375098568281,Backstage,Valid
951632719131,VIP,Valid
928612436713,Backstage,Valid
275259659197,VIP,Valid
962361016774,VIP,Valid
441881158100,VIP,Valid
299551475357,Standard,Valid
718423289092,Standard,Valid
652035807486,Standard,Valid
996079577156,Standard,Valid
802060293051,Backstage,Used
323371315180,Standard,Valid
228475055567,Standard,Valid
499127439409,Standard,Used
521179644432,Standard,Valid
442192051776,Standard,Valid
120585489939,VIP,Valid
599125280348,Standard,Expired
941588491630,Standard,Valid
387482374357,Standard,Valid
936717894940,Standard,Used
167091801483,Standard,Valid
725413874351,Standard,Valid
148432972787,Standard,Expired
267974663989,Standard,Used
166753220112,Standard,Valid
957987636625,Standard,Valid
501921209060,Standard,Valid
247989376703,VIP,Valid
570662212985,Standard,Valid
978518948769,Standard,Valid
837060762325,VIP,Valid
267421339099,Standard,Valid
910664407007,Standard,Valid
235447068293,Standard,Valid
849754952027,Standard,Valid
481597082643,Standard,Valid
362647482251,VIP,Valid
374661490981,Standard,Valid
588514866975,Standard,Valid
548171080147,Standard,Valid
984901132451,VIP,Valid
235448546713,Standard,Valid
226813571724,Standard,Valid
470994934123,Standard,Valid
237721056529,VIP,Valid
279807112340,Standard,Valid
754474071330,Standard,Expired
458110524275,Standard,Valid
499087372233,VIP,Used
745134828528,Standard,Valid
586499977257,VIP,Valid
714294294451,VIP,Valid
947087372942,Standard,Expired
573369919587,VIP,Valid
507020728093,Backstage,Used
842395153057,Standard,Valid
191499276830,Standard,Used
911164978375,Standard,Expired
964615283104,Backstage,Used
693625626938,Standard,Valid
671237914339,Backstage,Valid
136253059576,Backstage,Valid
496852403351,VIP,Valid
267091100906,Backstage,Expired
543391824534,Standard,Valid
366913189856,Standard,Valid
933646465420,Standard,Valid
337814615356,VIP,Used
748866464070,Standard,Valid
713341033639,Standard,Valid
726820024292,Standard,Valid
190310715647,VIP,Expired
599263022595,Backstage,Valid
346316204099,Standard,Valid
257721695267,Standard,Valid
922521631542,Standard,Valid
486988551875,Standard,Valid
952714959642,Standard,Valid
134205232011,Standard,Valid
914655221101,Standard,Valid
171922084729,VIP,Valid
734648396163,Standard,Valid
223005401501,Backstage,Used
196442742929,Standard,Used
293379984954,Standard,Valid
520650658919,Standard,Valid
812896561232,Standard,Used
659263589018,Standard,Expired
928363733258,Standard,Used
615747860109,Standard,Valid
420204238564,Standard,Valid
784453630589,Standard,Used
556440884355,VIP,Used
921467220156,VIP,Used
859487768166,Standard,Valid
844245876540,Standard,Valid
136171878809,Standard,Used
370064409283,VIP,Valid
182267355023,Standard,Used
388787957213,VIP,Valid
579255341440,Standard,Expired
553252908058,VIP,Valid
104243939720,VIP,Valid
227649528249,Standard,Valid
864941841452,Standard,Valid
464435556959,Standard,Valid
405314892324,VIP,Valid
484229076692,Standard,Valid
784080984782,VIP,Valid
955190406827,Standard,Valid
272121093022,Standard,Valid
296755766362,Standard,Expired
519122494202,VIP,Valid
693263798805,Standard,Valid
942720833045,Standard,Valid
588017414546,VIP,Used
347152013493,Standard,Expired
847373620112,Standard,Valid
